{
  "5_4": 1264069086.16333,
  "3_4": 1264069086.1705322,
  "1_6": 1264069086.1707764,
  "5_6": 1264069086.1640625,
  "8_3": 1264069086.1628418,
  "1_3": 1264069086.1817627,
  "9_2": 1264069086.1680908,
  "8_6": 1264069086.1635742,
  "10_2": 1264069086.1732178,
  "0_0": 1264069086.196045,
  "12_4": 1264069086.1765137,
  "0_4": 1264069086.1799316,
  "13_6": 1264069086.1713867,
  "8_0": 1264069086.1694336,
  "4_3": 1264069086.1680908,
  "9_5": 1264069086.1645508,
  "13_2": 1264069086.1875,
  "14_2": 1264069086.189209,
  "0_1": 1264069086.192505,
  "3_3": 1264069086.1729736,
  "8_5": 1264069086.1624756,
  "12_3": 1264069086.1801758,
  "7_1": 1264069086.1645508,
  "14_6": 1264069086.171997,
  "11_1": 1264069086.1820068,
  "6_0": 1264069086.1680908,
  "6_5": 1264069086.1617432,
  "4_6": 1264069086.1655273,
  "12_2": 1264069086.183838,
  "8_2": 1264069086.1643066,
  "12_5": 1264069086.1730957,
  "1_5": 1264069086.1741943,
  "2_5": 1264069086.171753,
  "8_4": 1264069086.1622314,
  "3_5": 1264069086.1687012,
  "13_5": 1264069086.175171,
  "14_4": 1264069086.18042,
  "7_0": 1264069086.1674805,
  "14_0": 1264069086.1966553,
  "10_4": 1264069086.1687012,
  "14_3": 1264069086.1849365,
  "9_6": 1264069086.164795,
  "1_0": 1264069086.192871,
  "3_2": 1264069086.1756592,
  "13_3": 1264069086.1833496,
  "0_6": 1264069086.171753,
  "6_1": 1264069086.1651611,
  "7_3": 1264069086.161255,
  "11_0": 1264069086.1853027,
  "6_4": 1264069086.161255,
  "3_0": 1264069086.1818848,
  "11_6": 1264069086.168457,
  "12_1": 1264069086.187378,
  "4_1": 1264069086.1728516,
  "11_3": 1264069086.1756592,
  "13_1": 1264069086.1914062,
  "11_2": 1264069086.178711,
  "1_1": 1264069086.1894531,
  "4_4": 1264069086.166626,
  "9_4": 1264069086.164917,
  "12_6": 1264069086.170166,
  "10_0": 1264069086.1791992,
  "13_4": 1264069086.1791992,
  "5_2": 1264069086.1657715,
  "9_0": 1264069086.173584,
  "5_3": 1264069086.1641846,
  "2_6": 1264069086.1693115,
  "7_4": 1264069086.1608887,
  "5_0": 1264069086.1710205,
  "4_2": 1264069086.170288,
  "3_1": 1264069086.178711,
  "9_3": 1264069086.1661377,
  "13_0": 1264069086.1948242,
  "0_3": 1264069086.1843262,
  "12_0": 1264069086.190796,
  "7_2": 1264069086.1624756,
  "11_4": 1264069086.1728516,
  "1_4": 1264069086.1778564,
  "2_4": 1264069086.1745605,
  "5_5": 1264069086.16333,
  "7_5": 1264069086.161499,
  "11_5": 1264069086.1704102,
  "14_5": 1264069086.1761475,
  "10_3": 1264069086.1706543,
  "10_5": 1264069086.1673584,
  "10_1": 1264069086.1760254,
  "5_1": 1264069086.1680908,
  "2_0": 1264069086.1878662,
  "4_0": 1264069086.1759033,
  "0_5": 1264069086.1757812,
  "8_1": 1264069086.166504,
  "6_2": 1264069086.163086,
  "2_2": 1264069086.1811523,
  "14_1": 1264069086.1931152,
  "9_1": 1264069086.1705322,
  "6_6": 1264069086.163086,
  "3_6": 1264069086.1674805,
  "2_3": 1264069086.1777344,
  "1_2": 1264069086.185669,
  "10_6": 1264069086.166626,
  "0_2": 1264069086.1885986,
  "6_3": 1264069086.1617432,
  "2_1": 1264069086.1845703,
  "4_5": 1264069086.1657715,
  "7_6": 1264069086.1629639
}