{
  "13_6": 1264069086.1748047,
  "14_2": 1264069086.1915283,
  "2_3": 1264069086.1875,
  "7_6": 1264069086.166626,
  "14_3": 1264069086.1879883,
  "8_1": 1264069086.1618652,
  "10_3": 1264069086.1661377,
  "3_5": 1264069086.177124,
  "6_4": 1264069086.1655273,
  "2_4": 1264069086.1837158,
  "11_4": 1264069086.1706543,
  "6_1": 1264069086.1673584,
  "5_5": 1264069086.1696777,
  "1_4": 1264069086.1860352,
  "7_5": 1264069086.1643066,
  "5_0": 1264069086.1757812,
  "0_6": 1264069086.1773682,
  "10_2": 1264069086.16687,
  "1_2": 1264069086.1939697,
  "9_4": 1264069086.163086,
  "9_2": 1264069086.1625977,
  "11_5": 1264069086.170166,
  "8_4": 1264069086.1618652,
  "11_0": 1264069086.177002,
  "12_2": 1264069086.1800537,
  "2_1": 1264069086.1939697,
  "4_2": 1264069086.178833,
  "10_1": 1264069086.168335,
  "1_0": 1264069086.199829,
  "2_0": 1264069086.1965332,
  "8_6": 1264069086.1661377,
  "0_0": 1264069086.2000732,
  "5_2": 1264069086.171997,
  "4_5": 1264069086.173462,
  "5_1": 1264069086.173706,
  "4_3": 1264069086.1767578,
  "0_3": 1264069086.1903076,
  "6_2": 1264069086.1660156,
  "1_1": 1264069086.1972656,
  "10_6": 1264069086.168213,
  "9_0": 1264069086.1655273,
  "4_4": 1264069086.1749268,
  "14_0": 1264069086.1972656,
  "1_5": 1264069086.1816406,
  "3_3": 1264069086.1827393,
  "4_6": 1264069086.1722412,
  "11_2": 1264069086.1730957,
  "0_4": 1264069086.1861572,
  "13_5": 1264069086.1776123,
  "9_1": 1264069086.1636963,
  "3_6": 1264069086.1745605,
  "13_2": 1264069086.1865234,
  "3_4": 1264069086.1798096,
  "5_6": 1264069086.1699219,
  "1_3": 1264069086.1901855,
  "7_1": 1264069086.163208,
  "2_5": 1264069086.1799316,
  "10_5": 1264069086.16687,
  "7_4": 1264069086.1627197,
  "12_5": 1264069086.1740723,
  "14_1": 1264069086.1947021,
  "9_5": 1264069086.1645508,
  "14_6": 1264069086.1765137,
  "8_2": 1264069086.1610107,
  "7_3": 1264069086.1619873,
  "4_0": 1264069086.1833496,
  "3_1": 1264069086.1882324,
  "5_4": 1264069086.1699219,
  "8_5": 1264069086.1635742,
  "13_3": 1264069086.1835938,
  "8_3": 1264069086.1608887,
  "3_2": 1264069086.1855469,
  "11_6": 1264069086.170288,
  "2_2": 1264069086.190918,
  "7_0": 1264069086.165039,
  "0_2": 1264069086.1942139,
  "10_0": 1264069086.170288,
  "12_0": 1264069086.1845703,
  "6_0": 1264069086.1693115,
  "7_2": 1264069086.1621094,
  "4_1": 1264069086.1811523,
  "12_6": 1264069086.1726074,
  "0_5": 1264069086.1817627,
  "8_0": 1264069086.1636963,
  "12_3": 1264069086.1777344,
  "11_3": 1264069086.1716309,
  "2_6": 1264069086.1762695,
  "10_4": 1264069086.1661377,
  "9_3": 1264069086.1623535,
  "3_0": 1264069086.1906738,
  "11_1": 1264069086.1748047,
  "9_6": 1264069086.166748,
  "13_0": 1264069086.1917725,
  "13_4": 1264069086.180542,
  "5_3": 1264069086.1706543,
  "14_5": 1264069086.1802979,
  "6_6": 1264069086.1679688,
  "13_1": 1264069086.189331,
  "6_5": 1264069086.1663818,
  "1_6": 1264069086.1773682,
  "0_1": 1264069086.1975098,
  "12_1": 1264069086.182251,
  "12_4": 1264069086.1757812,
  "14_4": 1264069086.184204,
  "6_3": 1264069086.1654053
}