{
  "1_2": 1264069086.1767578,
  "7_0": 1264069086.1905518,
  "9_3": 1264069086.170288,
  "4_5": 1264069086.17688,
  "10_2": 1264069086.1673584,
  "13_1": 1264069086.164917,
  "8_3": 1264069086.175537,
  "3_0": 1264069086.1939697,
  "0_2": 1264069086.1710205,
  "6_4": 1264069086.1799316,
  "12_1": 1264069086.1639404,
  "6_3": 1264069086.18396,
  "14_3": 1264069086.1645508,
  "5_3": 1264069086.185791,
  "10_5": 1264069086.1645508,
  "2_4": 1264069086.1757812,
  "14_4": 1264069086.1638184,
  "0_3": 1264069086.1689453,
  "13_6": 1264069086.1636963,
  "5_6": 1264069086.1728516,
  "11_1": 1264069086.1656494,
  "9_6": 1264069086.1669922,
  "2_3": 1264069086.1790771,
  "3_1": 1264069086.1906738,
  "5_1": 1264069086.1939697,
  "5_4": 1264069086.1813965,
  "7_6": 1264069086.1707764,
  "2_6": 1264069086.170288,
  "3_6": 1264069086.171875,
  "5_2": 1264069086.1900635,
  "1_3": 1264069086.1740723,
  "6_0": 1264069086.1950684,
  "12_5": 1264069086.1617432,
  "3_2": 1264069086.1870117,
  "12_0": 1264069086.166626,
  "8_1": 1264069086.1815186,
  "11_5": 1264069086.1625977,
  "9_2": 1264069086.1726074,
  "5_5": 1264069086.177002,
  "0_0": 1264069086.1763916,
  "11_3": 1264069086.1623535,
  "13_0": 1264069086.1676025,
  "3_5": 1264069086.175415,
  "10_3": 1264069086.1656494,
  "5_0": 1264069086.1972656,
  "11_6": 1264069086.1639404,
  "12_4": 1264069086.1608887,
  "1_6": 1264069086.168335,
  "0_1": 1264069086.173584,
  "14_0": 1264069086.1711426,
  "10_4": 1264069086.164795,
  "10_0": 1264069086.1724854,
  "12_2": 1264069086.1621094,
  "7_1": 1264069086.187378,
  "6_2": 1264069086.1879883,
  "6_6": 1264069086.1722412,
  "3_3": 1264069086.1831055,
  "7_5": 1264069086.173706,
  "9_4": 1264069086.168579,
  "13_5": 1264069086.1622314,
  "11_0": 1264069086.168335,
  "7_3": 1264069086.1802979,
  "3_4": 1264069086.1791992,
  "12_3": 1264069086.1610107,
  "10_6": 1264069086.1651611,
  "1_5": 1264069086.1697998,
  "1_4": 1264069086.1716309,
  "7_4": 1264069086.17688,
  "8_4": 1264069086.1728516,
  "0_5": 1264069086.166626,
  "4_4": 1264069086.1811523,
  "7_2": 1264069086.183838,
  "4_1": 1264069086.1936035,
  "12_6": 1264069086.1634521,
  "13_2": 1264069086.1629639,
  "0_4": 1264069086.1674805,
  "4_3": 1264069086.1855469,
  "4_6": 1264069086.1727295,
  "4_0": 1264069086.1968994,
  "2_0": 1264069086.1889648,
  "14_5": 1264069086.1639404,
  "14_6": 1264069086.164795,
  "14_2": 1264069086.1661377,
  "13_4": 1264069086.161499,
  "6_1": 1264069086.1917725,
  "14_1": 1264069086.168335,
  "4_2": 1264069086.1896973,
  "8_5": 1264069086.1706543,
  "8_2": 1264069086.1784668,
  "9_0": 1264069086.1782227,
  "9_5": 1264069086.1674805,
  "0_6": 1264069086.1663818,
  "9_1": 1264069086.175171,
  "6_5": 1264069086.1759033,
  "13_3": 1264069086.1618652,
  "11_4": 1264069086.1619873,
  "8_0": 1264069086.1845703,
  "1_1": 1264069086.1796875,
  "1_0": 1264069086.1827393,
  "11_2": 1264069086.1635742,
  "10_1": 1264069086.1695557,
  "8_6": 1264069086.1689453,
  "2_1": 1264069086.185791,
  "2_5": 1264069086.1728516,
  "2_2": 1264069086.182495
}